{
    "accuracy": 0.8990610328638498,
    "confusion_matrix": [
        [
            321,
            8,
            3
        ],
        [
            16,
            40,
            3
        ],
        [
            4,
            9,
            22
        ]
    ],
    "classes": [
        1,
        2,
        3
    ],
    "feature_importance": {
        "LB": 0.22187145989853985,
        "ASTV": 0.3798949309316604,
        "AC": 0.13661276313690543,
        "DL": 0.09972538065882673,
        "UC": 0.16189546537406765
    }
}