{
    "RandomForest": {
        "accuracy": 0.8990610328638498,
        "confusion_matrix": [
            [
                322,
                7,
                3
            ],
            [
                17,
                39,
                3
            ],
            [
                4,
                9,
                22
            ]
        ]
    },
    "XGBoost": {
        "accuracy": 0.8967136150234741,
        "confusion_matrix": [
            [
                319,
                9,
                4
            ],
            [
                16,
                40,
                3
            ],
            [
                5,
                7,
                23
            ]
        ]
    },
    "ANN": {
        "accuracy": 0.8661971830985915,
        "confusion_matrix": [
            [
                309,
                16,
                7
            ],
            [
                19,
                39,
                1
            ],
            [
                3,
                11,
                21
            ]
        ]
    }
}